year,id,wine_id,vintage_ratings_count,vintage_ratings_average
2016,160013373,7090992,26,3.8
2018,160227040,7091087,115,3.7
2016,159767728,7091087,65,3.8
2018,160137770,7091169,47,3.6
2017,159767172,7091169,170,3.5
2016,159963809,7091169,31,3.6
2020,163063494,7092016,44,3.8
2019,160114299,7092016,507,3.9
2018,159900891,7092016,97,3.7
2017,159770985,7092016,853,3.8
2020,165645871,7092079,11,3.1
2017,160739255,7092092,23,4.6
2016,159771264,7092092,45,4.4
2015,159770430,7092092,27,4.4
2019,161664350,7092114,13,4.3
2017,159771323,7092114,10,4.2
2015,159777829,7092127,81,4.0
2014,159777819,7092127,70,3.9
2017,161242822,7092141,36,4.0
2016,159825100,7092141,39,3.9
2019,161911846,7092245,70,3.4
2018,160277097,7092245,30,3.6
2017,159822379,7092245,124,3.2
2019,165786613,7092246,14,3.9
2018,159797175,7092246,32,4.0
2017,159771669,7092246,57,3.8
2017,159868113,7092251,11,4.4
2018,160533629,7092329,18,3.6
2017,159771480,7092329,10,3.9
2019,163674763,7092392,185,4.1
2018,159867862,7092392,78,3.9
2018,162601166,7092450,31,4.3
2017,159772202,7092450,31,4.2
2018,160948344,7092475,35,3.9
2016,159772273,7092482,25,4.4
2015,159772370,7092515,37,4.5
2013,159860752,7092524,23,3.5
2013,159772502,7092571,34,4.3
2019,162334672,7092599,14,3.5
2018,160650260,7092599,91,3.6
2017,159772591,7092599,18,3.8
2017,159772643,7092615,39,4.7
2016,159982631,7092661,14,4.4
2014,160266498,7092661,30,4.2
2018,160941186,7092871,84,3.5
2017,159766981,7092953,15,3.8
2018,160068231,7093005,28,3.9
2017,159774055,7093005,65,4.1
2016,159968758,7093005,11,4.0
2019,161298626,7093196,34,3.9
2018,161056067,7093196,20,3.9
2018,162267992,7093341,29,3.9
2017,159775717,7093341,66,4.0
2017,161367028,7093426,11,4.3
2015,159776089,7093426,39,4.4
2014,159916449,7093426,11,4.4
2014,159779007,7094118,24,4.0
2017,159777925,7094123,60,3.9
2018,162743777,7094130,10,4.1
2018,159916221,7094138,11,3.5
2017,159779097,7094138,15,3.3
2016,159779596,7094272,38,3.6
2017,159779608,7094277,27,4.2
2018,159779624,7094281,10,3.8
2017,159920312,7094311,22,2.8
2016,162950114,7094340,20,3.8
2015,160397220,7094340,13,3.6
2018,159780291,7094503,10,4.2
2016,159780597,7094606,79,4.0
2016,159780635,7094621,33,4.3
2020,164519965,7094633,16,3.6
2019,162785982,7094633,12,3.1
2015,159871662,7094671,27,4.5
2019,162471402,7094725,16,3.8
2018,160598377,7094725,18,3.8
2017,160414873,7094725,29,4.0
2019,162858508,7094728,11,3.9
2017,159780967,7094728,24,4.0
2018,161795598,7094733,27,4.1
2017,160250418,7094733,34,4.2
2016,160063108,7094830,12,4.0
2015,159781258,7094830,38,4.3
2018,162423483,7094858,18,3.5
2017,159781351,7094858,34,3.6
2016,161238290,7094858,19,3.6
2001,159848474,7094861,13,3.8
2000,159875990,7094861,107,4.1
1999,159781281,7094861,21,4.0
2019,160879577,7094872,14,4.0
2017,159879892,7094872,150,4.2
2016,159781414,7094872,187,4.1
2019,159816942,7094915,88,3.6
2018,159781571,7094915,125,3.5
2019,161397152,7094920,22,3.4
2018,159781591,7094920,14,3.1
2018,159895430,7094983,196,2.8
2017,160557166,7095064,11,4.1
2015,159782011,7095064,11,4.2
2020,165067196,7095110,13,4.1
2019,164095711,7095110,17,3.7
2018,159782203,7095110,50,3.6
2017,159781796,7095128,20,3.6
2016,159895758,7095128,14,3.1
2020,165442830,7095181,16,3.9
2018,159808413,7095181,20,4.1
2017,159914679,7095802,111,3.9
2016,159856659,7095802,66,3.9
2015,159868273,7095802,66,3.6
2018,160825680,7095860,12,4.0
2017,159897886,7095860,48,3.7
2015,159786362,7096090,23,3.3
2016,159786456,7096111,15,3.5
2017,159786690,7096195,40,3.8
2017,159787757,7096448,11,3.5
2016,159901576,7096524,18,4.6
2015,159788027,7096524,20,4.1
2017,159791667,7097468,24,3.4
2018,159981722,7097476,14,4.1
1981,160753198,7097476,19,4.1
2019,160221335,7097542,49,3.6
2018,159791988,7097542,94,3.7
2016,159792001,7097546,12,4.0
2018,161234358,7097562,117,3.3
2016,160003611,7097607,32,3.9
2016,159792180,7097620,15,4.2
2011,159792190,7097624,10,3.8
2019,162359439,7097656,11,3.2
2018,160022691,7097656,18,2.8
2019,165732922,7097666,22,3.8
2017,162346251,7097677,18,4.0
2019,164609987,7097699,24,3.4
2017,159792391,7097699,19,3.4
2018,160679629,7097701,382,3.6
2017,159792397,7097701,129,3.6
2019,162832183,7097705,13,3.8
2018,159792407,7097705,14,3.9
2019,160524587,7097713,11,3.8
2016,159792436,7097717,21,3.4
2016,159889188,7097773,10,4.2
2017,160014778,7097777,21,4.0
2015,159792574,7097777,132,4.0
2017,160045060,7097782,42,4.4
2016,159792583,7097782,37,4.3
2017,160167212,7097801,15,3.2
2016,160512744,7097801,19,3.6
2014,160126435,7097801,21,4.0
2016,159800900,7097811,22,4.3
2016,160332211,7097822,14,4.5
2017,159792725,7097830,29,4.0
2017,159792767,7097846,34,4.3
2018,159962457,7097862,223,3.9
2017,160442480,7097862,47,3.7
2016,159792817,7097862,96,3.8
2013,159980908,7097862,33,3.8
2018,160213460,7097875,18,3.8
2017,159874990,7097875,14,3.9
2018,159792905,7097902,42,3.7
2019,164336370,7097922,11,3.9
2017,159789301,7097922,10,3.9
1992,159793000,7097938,11,4.0
2019,160099685,7097941,11,3.4
2018,160058346,7097941,79,3.3
2017,159789203,7097941,181,3.5
2015,159903238,7097941,14,3.4
2014,159863934,7097941,11,3.2
2016,159793021,7097947,183,4.5
2017,159793240,7098015,36,4.1
2019,160266393,7098020,24,3.9
2018,160139642,7098020,35,3.7
2017,159793257,7098020,166,3.8
2018,159914097,7098052,104,4.1
2017,160040970,7098052,83,3.7
2016,159916091,7098052,17,3.5
2018,162204592,7098112,36,3.9
2018,162844018,7098275,18,3.8
2017,160560465,7098275,26,3.7
2016,159967898,7098275,23,3.7
2017,159865240,7098934,14,3.8
2018,161101620,7098998,40,3.4
2017,159796873,7098998,48,4.2
2016,159874953,7098998,17,4.2
2017,161998520,7099006,10,4.0
2017,159993248,7099070,10,4.3
2016,159797100,7099070,17,4.1
2017,159797204,7099141,56,4.2
2016,160044556,7099145,12,4.2
2015,159797349,7099145,23,4.2
2016,159954466,7100185,14,3.6
2015,159801202,7100185,16,3.2
2016,159801571,7100290,70,4.2
2017,160166522,7100356,15,3.8
2017,162258936,7100421,18,4.1
2016,159801862,7100421,55,4.2
2017,159801899,7100439,37,3.6
2017,160735814,7100442,32,4.1
2016,159801906,7100442,130,3.7
2014,159801992,7100489,16,3.9
2018,161265673,7100505,69,3.9
2017,159953848,7100505,70,4.3
2016,159881766,7100505,30,3.9
2015,160961674,7100505,12,4.1
2018,163305856,7100507,29,4.5
2017,159802026,7100507,42,4.2
2016,159877428,7100507,30,4.4
2015,159881969,7100507,11,4.3
2018,160235117,7100516,13,3.4
2018,160239263,7100525,18,3.1
2014,159802097,7100544,102,4.0
2012,159878926,7100544,35,4.1
2011,159883690,7100544,37,3.9
2017,160854828,7100553,22,4.0
2016,159802119,7100553,23,4.0
2019,160966959,7100580,49,3.8
2019,161081880,7100631,15,4.1
2017,159802326,7100650,408,3.9
2016,159866511,7100650,14,3.4
2015,159888477,7100650,65,3.7
2014,159868645,7100650,30,3.8
2018,160183352,7100670,11,2.7
2017,159897603,7100685,65,4.0
2017,160038119,7100730,14,3.8
2016,159802538,7100730,64,3.8
2016,159929604,7100755,23,4.3
2015,159802595,7100755,115,4.5
2017,160353593,7100797,35,4.0
2018,159982219,7100806,23,3.7
2017,159925190,7100806,43,3.7
2013,159802762,7100820,17,4.9
2018,160739443,7100825,52,3.4
2019,162734374,7100881,68,3.6
2018,160446458,7100881,53,3.7
2016,160304715,7100881,10,3.7
2016,159818588,7100882,10,3.6
2018,163126738,7100883,35,3.4
2017,159802917,7100883,61,3.5
2020,164746476,7100889,11,3.2
2019,161552415,7100889,35,2.9
2018,159802934,7100889,24,2.9
2017,164518790,7100906,46,4.3
2018,161998000,7100940,31,4.1
2017,160116401,7100940,11,3.9
2018,163307729,7100947,27,3.9
2017,159847739,7100947,113,3.6
2016,159848857,7100947,12,4.0
2015,159848839,7100947,34,3.6
2018,159952217,7100962,19,3.6
2017,159942466,7100962,43,3.9
2014,159887879,7100962,27,4.4
2013,159892833,7100962,17,3.9
2018,159803195,7100975,11,3.5
2012,161752194,7100976,26,4.5
2018,160727491,7100985,10,3.7
2019,160441141,7101034,68,3.9
2018,159941527,7101034,120,3.6
2017,159803392,7101034,37,3.3
2009,159897879,7101049,10,3.9
1999,159803432,7101049,21,4.4
2017,159803466,7101057,200,4.1
2016,160002820,7101057,14,3.9
2016,159803528,7101074,33,4.2
2018,159900443,7101098,77,3.6
2019,160220738,7101102,16,3.1
2018,159995771,7101102,28,3.4
2017,159803612,7101102,17,3.6
2016,159901682,7101102,11,3.2
2018,161753383,7101106,14,3.8
2018,159956298,7101114,292,3.9
2017,159913774,7101114,260,3.9
2016,159784286,7101114,46,3.8
2014,160006793,7101114,12,3.7
2018,160523647,7101124,44,3.8
2017,159913042,7101124,67,3.7
2016,159803698,7101124,27,3.6
2011,160781231,7101124,19,3.8
2015,160795489,7101208,11,4.5
2009,159804183,7101248,144,4.5
2016,160093498,7101251,17,3.8
2010,159804327,7101284,21,4.5
2019,164153849,7101289,21,4.0
2017,160742521,7101305,46,4.3
2016,159804399,7101305,90,4.0
2015,160014391,7101343,217,4.2
2014,159804548,7101343,267,4.0
2013,160029497,7101343,18,4.2
2017,159804628,7101352,27,3.4
2015,159804748,7101377,18,4.1
2017,159804794,7101383,27,4.2
2017,159950593,7101387,15,3.4
2018,159902338,7101396,73,3.8
2016,159898683,7101448,11,4.5
2015,159805031,7101448,34,4.5
2020,166408903,7101533,23,3.4
2019,161336852,7101533,280,3.3
2018,159805402,7101533,132,3.4
2019,163840222,7101539,18,3.5
2018,160389336,7101539,13,3.2
2017,159805265,7101539,55,3.7
2016,159969880,7101539,19,4.0
2018,164072694,7102161,30,4.5
2017,159807866,7102161,28,4.5
2018,160118955,7102176,63,3.5
2017,159941368,7102176,58,3.7
2013,161669707,7102176,13,3.9
2018,159861929,7102180,43,3.5
2017,159807867,7102180,14,3.8
2018,163504378,7102189,10,4.2
2017,161333419,7102189,28,4.0
2016,159807916,7102189,70,4.1
2015,159868997,7102189,14,4.1
2016,161675838,7102196,19,3.8
2019,160639770,7102197,58,4.1
2018,159991001,7102197,121,4.0
2017,159807933,7102197,22,3.6
2018,161286722,7102204,15,3.6
2017,159807953,7102204,13,3.5
2015,161363607,7102214,38,4.5
2014,159807971,7102214,22,4.7
2017,160568144,7102277,12,4.4
2016,159808140,7102277,42,4.3
2018,162443299,7102343,18,3.7
2017,159808277,7102343,15,3.5
2019,162756757,7102352,11,3.9
2018,159808296,7102352,235,4.0
2017,159868976,7102352,204,3.9
2016,159808301,7102357,10,4.3
2018,164772518,7102373,32,4.1
2017,159904581,7102373,14,4.0
2016,159808340,7102373,115,4.1
2018,160016032,7102421,18,3.6
2016,159801227,7102421,12,3.6
2017,159839441,7102463,33,4.2
2018,159808587,7102464,16,3.4
2014,159808675,7102501,20,3.6
2016,159926715,7102545,24,3.8
2017,160405305,7102554,21,4.1
2019,160087373,7102563,47,3.4
2018,160017483,7102563,125,4.0
2016,162636625,7102579,27,4.1
2015,159808892,7102579,60,4.1
2016,160105220,7102590,56,3.6
2015,161882321,7102615,15,4.3
2014,159885243,7102615,20,4.4
2014,159955727,7102672,17,3.9
2018,160134635,7102725,10,3.0
2016,159811501,7102737,51,4.0
2017,159962919,7102751,49,3.8
2019,163259185,7102946,27,3.4
2018,160204834,7102946,20,3.6
2017,159810083,7102946,10,3.6
2019,160616041,7102958,26,3.2
2018,159844354,7102958,237,3.2
2020,166220270,7103021,11,2.8
2019,160012377,7103021,272,3.1
2018,159892686,7103021,50,3.2
2014,159812863,7103582,14,4.0
2016,159813999,7103767,389,4.1
2017,159813698,7103795,18,3.0
2017,162368961,7103806,25,4.1
2016,160494016,7103806,11,3.8
2015,159901533,7103806,32,4.0
2017,160396443,7103809,11,3.8
2016,162462260,7103850,42,4.3
2015,159813787,7103850,20,4.4
2017,159845098,7103866,15,2.9
2019,162243323,7103869,149,3.6
2018,161164280,7103869,61,3.7
2017,159813830,7103869,100,3.6
2018,159919736,7103922,14,3.7
2016,159815249,7103922,213,4.0
2015,159814001,7103963,13,3.4
2002,159814030,7103977,18,4.4
2015,159814491,7104119,11,4.0
2019,161823401,7104277,14,3.6
2018,160270669,7104277,14,3.8
2019,160643733,7104278,13,4.0
2018,161339994,7104278,29,4.2
2019,164680023,7104317,99,3.7
2018,159975115,7104317,117,3.7
2017,159814713,7104317,13,3.6
2018,160023138,7104336,31,2.8
2018,159987437,7104373,12,3.0
2017,161565936,7104415,48,4.0
2016,159814925,7104415,83,4.1
2018,161625734,7104429,25,3.4
2017,159814953,7104429,59,3.9
2019,160958348,7104448,24,3.6
2015,159906311,7104448,18,3.4
2019,161416364,7104507,22,3.8
2018,159815090,7104507,12,3.8
2019,159919231,7104540,28,3.6
2018,160103656,7104540,17,3.9
2017,159923542,7104540,132,3.7
2016,159913422,7104540,1073,3.7
2015,159905210,7104540,310,3.7
2013,161512367,7104540,10,3.9
2016,159815196,7104549,82,3.7
2018,160234988,7104581,48,3.8
2017,163812990,7104581,14,3.8
2016,159928193,7104581,71,3.7
2015,159815267,7104581,28,3.9
2017,159815288,7104596,18,3.6
2017,159917124,7104660,20,3.6
2016,159830545,7104660,38,3.4
2017,161011637,7104708,58,4.0
2016,159815768,7104708,100,3.8
2018,161450784,7104736,26,4.1
2017,159815903,7104736,19,4.2
2019,163910290,7104752,152,3.8
2018,159839399,7104752,225,4.0
2017,159831508,7104752,142,4.1
2019,163215310,7104789,261,3.9
2018,159860787,7104789,23,4.0
2017,159817429,7105118,18,3.9
2020,163069498,7105763,16,3.5
2019,161854768,7105763,115,3.8
2018,159848140,7105763,665,3.8
2017,159820098,7105763,43,3.7
2017,161807363,7105772,22,3.7
2016,159820121,7105772,12,3.9
2019,160301640,7105789,35,3.4
2018,159922188,7105789,408,3.5
2017,160568376,7105789,37,3.6
2019,163556306,7105791,108,3.9
2018,159894334,7105791,164,3.8
2017,159820156,7105791,149,4.0
2014,160533705,7105797,18,3.9
2013,159820164,7105797,23,3.6
2018,162047514,7105832,37,4.7
2017,159820215,7105832,25,4.6
2017,159820247,7105849,463,3.9
2015,159820348,7105906,24,3.9
2016,159820401,7105940,10,4.0
2015,159894415,7105940,27,4.0
2018,161883180,7105942,96,4.4
2017,159820403,7105942,37,3.8
2016,160402285,7105942,38,4.1
2019,159911357,7105943,10,3.7
2018,159902651,7105943,54,3.7
2017,159820408,7105943,56,3.4
2015,159902816,7105943,22,3.5
2019,164418381,7105947,12,3.9
2018,160221860,7105947,17,3.4
2018,160757177,7105953,14,4.3
2017,159820431,7105953,33,4.3
2019,161614637,7105959,96,4.2
2018,161877081,7105959,300,3.8
2017,159820439,7105959,122,3.7
2016,159899323,7105959,10,4.3
2018,162838520,7106015,14,4.1
2017,159818015,7106015,59,4.0
2016,159978481,7106015,10,4.0
2015,150560295,7106015,10,3.8
2019,163115528,7106025,15,3.8
2018,159820561,7106025,13,4.3
2015,159820563,7106026,11,4.0
2017,163261977,7106029,48,4.0
2016,159820570,7106029,141,3.9
2015,160677659,7106029,20,3.8
2017,160568328,7106044,48,4.1
2016,159820597,7106044,27,4.2
2018,160677147,7106052,29,3.2
2017,159820611,7106052,59,3.1
2017,161715376,7106078,14,4.5
2016,159820649,7106078,12,4.2
2017,160568322,7106084,23,4.3
2016,159820661,7106084,10,4.1
2019,165545032,7106168,13,3.9
2018,160985531,7106168,56,3.8
2017,159935631,7106168,59,3.8
2020,164690161,7106203,15,4.0
2019,161508274,7106203,45,3.4
2018,159820965,7106203,88,3.7
2019,162964557,7106220,43,3.7
2018,159820959,7106220,52,3.2
2017,160035024,7106220,16,3.4
2017,161911546,7106223,31,4.1
2016,159911281,7106223,17,4.0
2017,160705775,7106241,22,3.5
2010,159821147,7106297,32,4.7
2017,160225947,7106320,12,4.2
2000,160068356,7106337,136,4.3
2018,160446449,7106352,15,4.1
2019,162495882,7106361,97,4.0
2018,159824267,7106397,87,2.1
2017,159816890,7106453,16,3.6
2018,160935316,7106695,35,4.1
2017,159822535,7106695,52,4.2
2017,159998147,7107649,53,3.5
2018,159969170,7107731,46,3.5
2016,160779239,7107731,12,3.5
2012,160244664,7107731,10,3.3
2017,159826858,7107747,16,4.4
2017,159826860,7107748,19,3.9
2016,159826864,7107750,39,3.0
2018,162172489,7107786,61,4.2
2017,160094696,7107786,187,4.1
2016,160441799,7107786,124,4.2
2015,159826972,7107786,121,4.1
2016,161381917,7107798,59,3.9
2015,160227369,7107798,18,3.7
2018,162908304,7107808,60,3.8
2017,159827010,7107808,52,3.8
2016,161229959,7107808,29,3.7
2019,162080398,7107812,10,4.1
2018,159970387,7107812,19,3.9
2017,159934483,7107812,138,3.9
2016,159827021,7107812,34,3.3
2019,163203292,7107828,35,3.0
2018,162134665,7107828,27,3.6
2017,159827050,7107828,16,3.0
2018,161361963,7107834,11,3.8
2016,159827095,7107859,14,4.2
2019,162865423,7107872,12,3.9
2018,159932922,7107872,53,3.6
2017,159935696,7107872,19,3.7
2019,163326123,7107910,21,3.6
2017,161612242,7107922,23,4.1
2016,159827223,7107922,10,4.2
2015,159827229,7107926,22,4.0
2017,159827240,7107929,66,3.6
2017,159829778,7107961,35,2.4
2015,159839030,7107961,16,2.1
2000,159829784,7107961,66,2.1
2018,160385566,7107991,18,4.2
2017,159780196,7107991,14,4.0
2016,159961799,7107991,14,3.6
2015,159929133,7107991,15,4.2
2019,164606628,7108000,263,3.6
2018,162076013,7108000,364,3.7
2016,159827436,7108000,114,3.5
2016,159827462,7108009,10,3.7
2017,161954146,7108112,65,3.9
2016,159840831,7108112,117,4.1
2017,159922642,7108133,86,3.6
2016,159827846,7108147,16,3.9
2017,161917193,7108157,49,4.1
2016,159827873,7108157,46,3.9
2020,163866827,7108180,54,4.0
2019,160095665,7108180,881,3.9
2018,159827941,7108180,1052,3.8
2017,160042270,7108238,19,2.9
2017,161674262,7108283,18,4.4
2019,165701096,7108297,42,3.7
2018,161452542,7108297,38,3.7
2018,159991032,7108333,34,2.5
2019,164500703,7108338,11,4.0
2018,160205918,7108338,16,4.1
2019,160961268,7108357,38,3.8
2018,160463530,7108357,112,3.9
2017,159828685,7108357,51,3.7
2020,166362455,7108362,10,3.7
2019,162523904,7108362,10,3.3
2017,159846033,7108362,35,3.3
2019,159977564,7108405,15,3.2
2018,159958768,7108405,194,2.9
2017,159931838,7108405,165,3.1
2018,159829354,7108560,18,3.8
2020,167366942,7108581,17,3.7
2019,164744278,7108581,19,3.9
2018,159829454,7108581,45,3.4
2019,163781543,7108634,12,3.3
2018,161647840,7108634,22,3.0
2017,159832351,7108634,14,3.3
2018,160606134,7108684,21,3.8
2016,160433589,7108684,19,3.7
2019,164363627,7108712,29,3.6
2018,161421400,7108712,104,3.9
2017,159829990,7108712,119,4.1
2016,159969234,7108712,38,4.0
2015,160048766,7108712,30,3.9
2018,160573257,7109061,22,4.2
2018,160072308,7109212,26,4.3
2017,160154664,7109212,10,3.7
2016,159835130,7109892,34,3.8
2015,159835533,7110008,16,3.8
2016,159835541,7110012,15,3.4
2018,160072671,7110044,11,4.4
2017,160601319,7110049,11,3.9
2016,159835638,7110049,16,4.5
2017,160291440,7110077,13,3.5
2016,159836962,7110077,78,3.6
2017,159861720,7110089,1002,3.9
2016,159836973,7110089,1046,4.0
2003,163563515,7110089,16,4.0
2018,160981135,7110120,11,3.7
2017,161054334,7110120,60,3.8
2015,159920223,7110121,140,3.9
2017,159835865,7110131,18,4.0
2017,159835511,7110144,75,3.8
2014,159842631,7110150,19,2.7
2018,162563847,7110154,10,3.4
2016,159835926,7110157,12,4.5
2017,159835929,7110158,123,3.2
2016,159836011,7110195,10,4.0
2018,164395135,7110198,21,3.8
2019,162675042,7110210,65,3.3
2018,159948389,7110210,90,2.8
2016,159834582,7110219,19,4.1
2019,162131488,7110220,10,3.0
2018,159836076,7110220,28,3.7
2016,159836106,7110235,22,3.9
2015,159836225,7110301,10,3.7
2018,162445667,7110337,118,3.4
2017,159834570,7110337,111,3.3
2019,163977460,7110365,41,3.7
2018,160850446,7110365,53,3.7
2017,159836408,7110365,76,3.8
2019,165533766,7110367,19,3.8
2018,162102733,7110367,10,3.7
2017,159836411,7110367,24,3.0
2017,159989954,7110396,16,4.1
2016,159836513,7110396,176,4.2
2015,159925464,7110396,32,3.9
2014,159935368,7110396,21,4.0
2013,159936944,7110396,17,3.9
2017,159841767,7110414,38,3.7
2018,163991680,7110430,32,3.6
2016,159967504,7110430,24,3.6
2015,159836648,7110442,28,4.0
2017,159941776,7110444,19,3.8
2019,160110700,7110548,150,3.5
2018,159953335,7110548,2159,3.5
2017,159832794,7110548,215,3.5
2017,160227717,7110666,35,4.0
2018,159837582,7110704,14,3.5
2017,159837794,7110762,11,3.2
2018,160978629,7110779,37,3.9
2017,159837864,7110779,37,3.9
2018,162111782,7111369,18,4.1
2016,159840342,7111369,13,4.3
2015,159841017,7111540,17,4.5
2019,161145843,7111600,61,3.7
2018,159841250,7111600,82,3.7
2019,164078625,7111755,17,3.9
2017,159841922,7111755,44,3.6
2015,159841981,7111767,31,3.8
2018,159851117,7111844,15,3.4
2018,159843527,7112149,17,4.1
2015,159843631,7112212,32,4.1
2020,164171492,7112457,109,3.6
2018,160701921,7112457,54,3.6
2017,159844800,7112457,235,3.7
2016,159887865,7112457,54,4.0
2015,160026234,7112457,10,3.5
2018,160082415,7113210,82,3.6
2017,159847635,7113241,12,3.5
2017,159847655,7113248,291,3.3
2014,160307888,7113267,10,3.7
2019,162588014,7113276,14,3.5
2018,159847741,7113276,72,4.1
2010,159847736,7113276,15,3.5
2010,159847797,7113298,12,4.5
2017,159847953,7113355,15,4.1
2019,162185074,7113388,57,3.5
2017,159848029,7113388,43,3.7
2016,159848053,7113397,11,3.2
2018,162314548,7113424,13,3.5
2020,163005897,7113443,27,4.3
2019,161137407,7113443,156,4.0
2018,159928187,7113443,35,3.8
2017,159974131,7113443,130,4.2
2016,159929068,7113443,378,4.3
2015,159935579,7113443,25,4.2
2014,159928868,7113443,54,4.3
2013,159929980,7113443,224,4.5
2012,159929915,7113443,14,4.3
2010,159928017,7113443,166,4.2
2009,159950652,7113443,81,4.4
2008,159935639,7113443,46,4.5
2018,162657124,7113494,46,4.3
2017,159848342,7113494,112,4.2
2017,161231220,7113540,40,3.7
2017,159848530,7113551,27,3.3
2017,161074277,7113559,11,3.9
2016,159848558,7113559,10,4.3
2019,163842637,7113575,21,3.7
2018,160019545,7113575,71,3.6
2017,159848542,7113575,122,3.7
2016,159926753,7113575,87,3.6
2015,159928055,7113575,57,3.6
2018,161847431,7113621,451,3.9
2017,159848719,7113621,84,3.8
2019,163127306,7113644,30,3.8
2018,159848779,7113644,12,3.5
2017,159848821,7113679,20,3.4
2016,163272983,7114046,10,4.2
2019,164475063,7114209,12,3.4
2018,160489886,7114209,17,3.3
2017,159850815,7114209,79,3.5
2019,166041092,7114447,12,4.1
2018,162842580,7114447,50,4.1
2017,159851761,7114447,76,4.1
2018,159851877,7114489,31,3.1
2019,165192634,7114569,22,3.1
2018,161254573,7114665,36,3.2
2017,159852516,7114665,122,3.4
2018,159976275,7114876,185,3.8
2017,159976277,7114876,208,3.8
2016,159853322,7114876,34,3.5
2017,159930500,7114980,37,3.8
2018,160142181,7115252,42,4.0
2017,159854749,7115252,90,3.9
2019,163574898,7115299,39,3.6
2018,161333759,7115299,15,3.6
2017,159854918,7115299,140,3.5
2016,159980776,7115299,11,3.4
2017,159954126,7116028,21,3.5
2014,159993030,7116028,359,3.6
2017,160087020,7116195,43,3.9
2016,159858057,7116195,23,3.7
2015,159956738,7116195,12,3.9
2017,160558460,7116202,18,4.0
2018,164533703,7116291,11,4.5
2017,160795282,7116291,45,4.4
2016,159973887,7116291,44,4.6
2015,159858270,7116291,13,4.7
2018,159980765,7116304,49,3.8
2017,160088986,7116304,10,3.9
2016,159858300,7116304,67,3.9
2018,160216145,7116334,1127,4.0
2017,159960290,7116334,1389,3.8
2016,159858345,7116334,369,3.7
2015,152062280,7116334,41,4.0
2014,160319277,7116334,11,4.4
2015,159858375,7116350,14,4.4
2019,164639142,7116362,46,3.6
2017,159858398,7116362,25,3.6
2019,160193225,7116403,17,3.8
2018,160146114,7116403,48,4.0
2017,159858474,7116403,33,3.9
2019,162969490,7116405,12,4.0
2018,159858481,7116405,13,3.8
2018,161735413,7116439,42,3.7
2017,159858543,7116439,28,3.6
2019,163418391,7116446,27,3.7
2018,159858564,7116446,40,3.6
2015,159875872,7116472,16,4.4
2017,160024388,7116474,18,3.8
2016,159858679,7116495,24,3.2
2017,160168520,7116498,13,4.2
2020,164434315,7116552,68,3.7
2019,160047519,7116552,127,3.4
2018,159963557,7116552,36,3.5
2017,159957747,7116552,12,3.5
2019,163835861,7116572,17,3.1
2018,159858891,7116572,20,3.1
2018,162760100,7116580,45,4.0
2017,160446338,7116580,28,3.9
2017,159858936,7116590,10,3.9
2016,160169927,7116653,25,4.5
2019,160338229,7116757,37,3.7
2018,160145904,7116757,45,3.6
2018,159891263,7116806,11,2.9
2017,159876073,7116806,43,3.1
2018,161805535,7116816,83,3.9
2017,159990567,7116816,105,3.9
2016,159952079,7116816,118,3.9
2015,159859611,7116816,33,4.0
2016,159859630,7116822,14,3.9
2016,159891992,7116824,10,3.0
2017,159931585,7116825,39,3.9
2018,162463555,7116853,22,4.1
2017,159860084,7116927,48,4.5
2020,166432484,7116984,68,3.7
2018,159977595,7116984,83,3.7
2020,163473604,7117013,118,3.9
2019,161203586,7117013,713,4.0
2018,159867577,7117013,55,3.5
2018,160300661,7117030,43,4.1
2017,159846914,7117030,36,3.5
2018,162295376,7117109,32,4.1
2017,160434905,7117109,38,4.1
2016,159860793,7117109,25,3.9
2011,159855262,7117123,10,3.8
2017,159860921,7117142,20,4.2
2014,159861047,7117178,10,4.3
2020,167350980,7117187,34,3.9
2019,163545745,7117187,81,3.8
2018,159861076,7117187,21,3.9
2018,159861128,7117219,17,3.7
2018,160594013,7117221,16,3.6
2017,159969336,7117221,15,3.2
2016,159996169,7117221,51,3.7
2015,159861235,7117221,19,4.1
2014,159968440,7117221,25,4.2
2013,159951718,7117221,14,3.7
2020,163519270,7117289,115,3.5
2019,161873095,7117289,178,3.4
2018,159861512,7117289,134,3.6
2016,163178370,7117910,11,4.3
2016,159864735,7118109,11,4.3
2016,159864764,7118125,10,4.0
2016,159889978,7118128,129,3.8
2018,159864808,7118148,12,3.6
2018,162654297,7118154,26,3.4
2016,159864820,7118154,34,3.6
2019,166322546,7118187,31,4.3
2018,161975105,7118187,29,4.1
2017,159864908,7118187,20,4.0
2016,159864921,7118196,35,3.6
2017,159862962,7118217,26,3.3
2015,159870999,7118243,15,4.1
2016,159865039,7118246,19,4.0
2016,159864421,7118247,13,4.6
2018,158905343,7118250,218,3.4
2017,159865050,7118250,114,3.3
2017,159865126,7118280,14,4.6
2017,159865184,7118300,13,4.4
2019,163223245,7118302,10,3.1
2017,159956429,7118318,256,3.7
2019,162186245,7118334,24,3.5
2018,159865284,7118334,67,3.8
2016,159865397,7118375,20,3.8
2017,160344831,7118408,26,3.4
2016,163018815,7118408,67,4.0
2015,161723052,7118408,11,3.8
2018,160106255,7118436,13,3.5
2017,161274698,7118492,17,3.8
2016,160162192,7118527,43,3.9
2015,159865760,7118527,14,4.1
2014,159865884,7118586,20,4.5
2017,160050566,7118588,14,4.4
2016,159865888,7118588,20,4.2
2018,164219301,7118591,10,3.7
2017,159865897,7118591,34,3.9
2019,165322400,7118649,15,3.2
2018,159946986,7118649,20,3.6
2016,159866069,7118649,19,4.0
2018,161955431,7118698,103,3.7
2019,162312589,7118755,27,4.2
2018,159921081,7118755,25,4.2
2016,159890806,7118755,101,4.5
2015,159866362,7118755,20,4.0
2016,159866585,7118794,40,4.5
2018,159919817,7118795,19,3.2
2016,159955000,7118835,21,4.4
2015,159880516,7118835,21,4.1
2018,159997517,7118975,33,3.5
2019,162273814,7119006,105,4.4
2018,159867155,7119006,78,4.0
2019,162326076,7119025,94,3.5
2018,160245237,7119025,272,3.4
2017,159867234,7119025,78,3.5
2014,159867550,7119064,15,3.1
2018,161295565,7119066,19,3.7
2017,159886585,7119066,13,3.4
2015,159867626,7119066,14,3.6
2019,163691570,7119102,20,3.5
2018,159868235,7119102,11,4.0
2011,159974087,7119109,14,4.0
2005,160108267,7119109,13,4.2
2017,160163702,7119139,37,3.9
2016,160162332,7119139,264,3.9
2015,159868598,7119139,133,3.8
2016,160744442,7119142,35,4.4
2015,159868649,7119142,33,4.5
2020,166001008,7119209,88,4.0
2018,159869493,7119209,11,3.6
2015,159875433,7119221,25,4.1
2018,160482996,7119279,46,3.4
2019,160018223,7119313,120,3.7
2018,159949750,7119313,456,3.4
2015,160018795,7119313,59,3.4
2019,161221779,7119370,13,4.0
2018,159871501,7119370,21,4.1
2018,159872982,7119509,23,4.0
2016,160204985,7119549,13,4.0
2015,161552525,7119549,32,4.2
2014,159873438,7119549,34,4.2
2015,159916035,7120109,14,3.7
2019,162900425,7120189,21,3.3
2018,160938790,7120196,15,3.6
2017,161431106,7120196,13,3.6
2019,160640361,7120213,784,3.7
2017,159971684,7120213,483,3.8
2017,159896678,7120221,144,3.2
2016,159884819,7120221,218,3.5
2017,159952580,7120226,18,4.0
2015,159965359,7120226,17,3.8
2019,160257109,7120240,14,3.5
2018,160503412,7120240,36,3.2
2017,159884966,7120240,14,3.3
2016,162080923,7120240,11,3.4
2015,160683006,7120240,20,3.2
2018,161049282,7120278,21,3.7
2017,159916299,7120278,48,3.6
2016,159963887,7120282,42,3.7
2015,159885630,7120282,15,3.3
2019,160701537,7120310,24,2.9
2018,160631470,7120310,154,3.3
2017,159885915,7120310,40,3.3
2013,159874312,7120310,13,3.3
2016,159885972,7120314,48,3.9
2018,159886072,7120316,26,3.1
2016,159960358,7120321,19,4.1
2015,159886442,7120336,54,4.5
2018,164987141,7120346,34,3.9
2016,159886542,7120346,28,3.8
2017,159886910,7120390,29,3.7
2019,159962023,7120395,164,4.0
2017,159886947,7120395,865,4.0
2019,160371557,7120441,45,3.9
2018,160371552,7120441,50,3.7
2017,159828186,7120441,24,3.9
2019,160397858,7120444,20,2.8
2013,159974455,7120448,13,3.6
2012,160050480,7120463,10,4.5
2010,159887987,7120463,14,4.5
2019,161561570,7120464,15,3.3
2018,161050350,7120464,27,3.3
2017,159932366,7120464,411,3.7
2016,159991593,7120470,46,4.0
2018,159888250,7120483,19,3.7
2019,163820836,7120542,25,2.9
2012,160013645,7120550,531,3.7
2011,159889071,7120550,150,3.7
2018,160006624,7120566,34,3.6
2017,159889257,7120566,28,3.6
2018,159999934,7120585,25,3.6
2017,159889413,7120585,222,3.7
2018,159964850,7120661,61,3.4
2017,159890212,7120661,16,3.0
2016,159957847,7120661,12,2.9
2015,159964847,7120661,12,4.1
2017,160030824,7120695,29,4.1
2018,161367658,7120712,13,3.2
2017,159890952,7120712,46,3.2
2017,159978907,7120723,11,3.6
2014,159891062,7120723,37,4.1
2013,159964494,7120723,16,4.0
2012,160044067,7120723,10,4.2
2019,162343041,7120771,19,4.2
2017,160956651,7120771,13,4.3
2018,161912967,7120780,60,3.9
2017,159891721,7120780,132,3.8
2016,159891873,7120798,33,3.7
2019,160157690,7120824,28,3.5
2018,160157689,7120824,47,3.6
2016,160222868,7120891,10,4.0
2015,159893245,7120891,519,4.2
2014,161000199,7120891,27,4.1
2016,162505841,7120910,33,3.6
2019,161139091,7120927,10,3.8
2017,160683154,7120933,34,4.0
2016,160670184,7120933,87,4.0
2015,159894017,7120980,47,3.5
2015,159894996,7121044,10,4.3
2016,160002252,7121051,10,4.5
2018,160551768,7121065,35,3.5
2017,159895280,7121065,63,3.8
2017,160128730,7121071,86,3.7
2019,160137386,7121185,430,4.0
2018,160104295,7121185,24,3.9
2017,159896699,7121185,723,3.9
2016,160056822,7121185,18,3.4
2019,160182533,7121894,34,3.5
2018,160000047,7121894,95,3.4
2017,159906309,7121894,156,3.5
2014,159952363,7121921,17,4.5
2013,159906675,7121921,21,4.3
2015,160082437,7121973,52,3.9
2014,161443355,7121973,25,4.3
2012,160020148,7121973,33,4.2
2017,161132590,7121988,26,3.8
2016,159907950,7121988,259,3.8
2015,159908850,7122035,19,3.9
2019,163184746,7122046,21,3.7
2018,160622848,7122046,31,3.9
2019,161194906,7122054,43,3.8
2017,159908903,7122058,18,4.3
2018,159962835,7122062,10,3.8
2017,159908913,7122062,89,3.7
2016,159908957,7122078,246,4.6
2018,160716851,7122122,185,3.7
2017,159916689,7122122,257,3.7
2017,161139259,7122176,14,3.7
2016,159932967,7122176,19,3.9
2019,159911390,7122177,32,3.2
2018,159955425,7122177,17,3.4
2018,160630868,7122209,13,3.5
2019,160486251,7122219,146,3.7
2018,159909307,7122219,82,3.7
2018,160986420,7122270,19,3.4
2016,159909448,7122270,47,3.9
2019,164884222,7122309,10,4.2
2017,159909608,7122309,16,3.8
2018,160251414,7122334,44,4.1
2017,160002863,7122334,23,3.8
2016,160044975,7122334,13,4.5
2017,160147403,7122373,24,3.3
2016,159909766,7122373,36,3.5
2015,159984291,7122373,14,3.7
2018,160186285,7122466,17,3.7
2017,159910095,7122466,11,3.7
2003,160124440,7122486,15,4.3
2014,159977183,7122623,17,3.7
2016,159955278,7122754,11,4.2
2017,159912788,7122866,21,3.5
2018,160224567,7123072,15,3.6
2016,160194992,7123085,38,4.3
2015,159913835,7123085,86,4.3
2017,159916729,7123776,17,3.6
2018,161854295,7123798,35,3.7
2017,159916784,7123798,155,3.5
2019,165131851,7123806,24,3.8
2018,160157501,7123837,19,3.6
2019,163857767,7123893,14,3.8
2018,163728898,7123893,106,4.0
2017,159914536,7123893,123,3.7
2016,160499694,7123893,10,4.0
2014,159957843,7123893,11,3.8
2010,159970314,7123893,11,4.0
2016,160068353,7123895,18,4.0
2019,161599176,7123939,59,3.8
2018,160011556,7123939,117,3.5
2017,160033334,7123939,41,4.0
2016,160010153,7123939,31,3.8
2019,163295905,7123993,159,4.0
2018,160184849,7123993,360,3.9
2017,160310622,7123993,23,3.8
2016,159917222,7123996,11,3.5
2017,159948076,7124036,77,4.7
2016,159917354,7124042,11,4.4
2016,159917476,7124095,13,4.0
2018,159975194,7124101,13,4.4
2017,160393487,7124217,62,3.7
2016,159917796,7124217,51,3.8
2010,161238749,7124217,11,4.0
2015,159917806,7124219,19,4.0
2018,160225797,7124244,80,3.5
2017,159963912,7124244,31,3.6
2016,160013490,7124268,36,4.4
2019,160476335,7124343,17,3.8
2018,159983662,7124343,261,3.7
2018,159958061,7124598,19,2.6
2018,160924124,7124607,66,3.8
2017,159969464,7124607,144,4.1
2016,159919325,7124607,56,4.4
2018,161309863,7124614,47,4.3
2017,159919367,7124614,31,4.3
2018,160983405,7124635,128,3.9
2017,159919460,7124635,191,4.1
2017,160135213,7124642,62,3.7
2016,159919504,7124642,229,3.7
2015,159987465,7124717,11,4.3
2020,163640738,7124721,63,3.7
2019,161313237,7124721,189,3.8
2018,159919918,7124721,180,3.8
2017,159970792,7124721,103,3.9
2009,159919935,7124724,10,3.9
2018,163762995,7124988,10,3.6
2016,159921168,7124988,34,3.2
2017,159922007,7125173,246,3.9
2013,159924289,7125759,16,4.3
2017,162590047,7125969,10,4.0
2016,159925038,7125969,13,4.2
2019,160184653,7126102,227,3.4
2017,159925507,7126102,3034,3.4
2017,159925559,7126119,56,3.2
2019,161567351,7126121,89,3.8
2018,160097817,7126121,413,3.8
2017,159925561,7126121,74,3.6
2016,159962820,7126121,36,3.8
2015,160048996,7126121,36,3.9
2014,159977232,7126121,18,3.7
2012,161954387,7126121,14,3.8
2016,160695829,7126142,10,4.2
2016,160932564,7126161,22,3.8
2015,159925643,7126161,20,4.0
2013,159925657,7126167,11,3.7
2017,160689816,7126202,12,4.3
2016,159979376,7126202,89,4.3
2015,159969176,7126202,24,4.3
2010,160689824,7126202,35,4.3
2017,160153172,7126204,10,3.8
2018,160352596,7126212,35,4.2
2014,159987263,7126212,221,4.0
2018,160537173,7126237,73,3.8
2017,160092745,7126252,16,3.5
2019,160206278,7126258,12,3.2
2017,159925920,7126258,2999,3.4
2018,159939014,7126341,82,3.7
2017,159927831,7126341,1282,3.7
2007,164097175,7126341,12,3.9
2019,160357576,7126342,124,4.0
2018,159986624,7126342,38,3.6
2017,159926148,7126342,54,3.8
2015,160095211,7126405,35,4.2
2017,160035574,7126413,11,4.2
2019,161063227,7126421,113,3.6
2018,159926369,7126421,179,3.6
2017,159926402,7126436,72,3.6
2019,163881176,7126464,87,3.5
2017,159926469,7126464,660,3.5
2015,159926479,7126466,11,3.8
2018,160147942,7126489,24,3.4
2017,160006009,7126489,22,3.7
2016,159926528,7126489,12,3.5
2018,160049424,7126509,14,3.2
2017,160038185,7126509,16,3.4
2016,162766683,7126568,262,4.0
2013,160029724,7126568,865,3.8
2017,159927028,7126659,119,3.5
2016,159927062,7126673,36,4.0
2020,165021264,7126700,10,4.0
2019,162494373,7126700,10,3.7
2018,159927082,7126700,14,3.8
2017,160032365,7126700,16,3.6
2017,161787570,7126701,10,3.8
2016,159927148,7126701,20,4.3
2016,159927156,7126704,39,3.7
2017,160964820,7126707,11,4.4
2016,159927183,7126707,15,4.1
2018,159927208,7126718,42,3.7
2017,159927249,7126731,190,4.0
2020,166562674,7126732,13,3.1
2019,161544359,7126732,72,3.3
2018,159961704,7126732,95,3.5
2017,159927386,7126767,58,4.2
2019,159944219,7126819,97,3.6
2019,160235278,7126826,18,3.1
2018,159974598,7126826,714,3.7
2017,160013425,7126826,39,3.7
2019,163549963,7126836,27,3.8
2018,159990444,7126836,62,3.4
2015,160384110,7126923,11,4.6
2018,160005153,7126926,38,3.4
2017,159977648,7126926,30,3.6
2019,160519690,7126986,64,3.7
2018,160519687,7126986,95,3.7
2017,159928169,7126986,17,3.8
2018,161029252,7126987,23,3.7
2017,159928172,7126987,39,3.6
2016,160016876,7126987,25,3.5
2015,161029720,7126987,23,3.8
2017,161384694,7126992,16,3.5
2018,159928246,7127010,25,4.0
2018,160997662,7127011,15,2.7
2017,159928248,7127011,11,2.5
2018,159977086,7127013,205,3.3
2017,159932406,7127023,16,3.3
2019,159978040,7127059,48,4.0
2018,159928431,7127059,29,3.9
2017,161560942,7127370,25,3.7
2016,159929669,7127370,30,3.5
2015,159929755,7127393,10,4.0
2015,159931450,7127800,129,4.1
2016,159946431,7127820,21,3.8
2019,162689952,7127854,96,3.6
2018,159931658,7127854,276,3.3
2017,159934273,7128493,21,3.1
2014,159965516,7128493,18,2.9
2019,160003332,7129019,83,3.7
2018,160003331,7129019,397,3.6
2017,159936566,7129019,235,3.6
2016,160003335,7129019,80,3.7
2015,159968438,7129019,42,3.9
2017,159937875,7129389,12,3.4
2018,160034959,7129412,25,3.6
2017,159945201,7129438,67,3.8
2017,161567726,7129443,33,3.4
2016,159938015,7129443,31,3.5
2014,159938259,7129525,46,4.0
2015,159938285,7129534,10,3.6
2020,163069684,7129549,11,3.5
2019,161250911,7129549,67,3.4
2018,159938325,7129549,76,3.5
2018,160320888,7129553,84,3.3
2017,159938335,7129553,67,3.3
2019,165484501,7129570,12,3.9
2018,161616471,7129570,36,3.7
2017,159938391,7129570,61,3.7
2018,160032815,7129582,28,3.9
2017,163406296,7129648,19,4.4
2016,159938585,7129648,12,4.5
2017,160514156,7129652,15,3.8
2017,159938608,7129659,14,3.3
2018,159938634,7129670,31,3.7
2018,160276117,7129700,44,3.5
2017,159938718,7129700,18,3.3
2019,161231807,7129723,48,3.8
2018,160169897,7129723,491,3.5
2017,159938778,7129723,238,3.6
2016,159973227,7129739,23,3.5
2018,160977249,7129744,13,4.2
2018,159938903,7129765,48,3.6
2018,161577443,7129767,48,3.7
2015,161762356,7129767,13,3.7
2018,160168247,7129782,16,3.6
2017,159938940,7129782,33,3.5
2018,160517211,7129821,16,3.6
2018,160093389,7129845,19,3.2
2017,159939129,7129845,48,3.3
2018,160153587,7130000,14,4.2
2017,159939617,7130000,80,3.8
2017,159939658,7130010,10,4.2
2017,159939722,7130031,23,3.4
2015,163296221,7130034,13,3.7
2014,159939731,7130034,12,4.0
2017,159991000,7130038,35,2.9
2015,160052868,7130038,11,2.2
2019,163630889,7130047,20,4.1
2018,159939780,7130047,17,4.2
2016,159939838,7130066,12,4.0
2019,162060380,7130100,27,3.0
2018,161934123,7130106,10,4.1
2017,159967642,7130106,223,3.5
2017,159940172,7130167,10,4.0
2019,160270514,7130254,74,3.9
2017,159940346,7130261,24,4.1
2016,160021363,7130261,13,3.9
2016,159941187,7130462,11,3.9
2016,162245391,7130648,10,4.2
2018,161061994,7130819,18,4.1
2017,159942479,7130819,10,3.8
2016,159942702,7130847,72,3.9
2020,165537609,7130862,22,4.1
2019,161113954,7130862,84,4.0
2018,159942761,7130862,41,3.7
2019,160276928,7130987,160,3.6
2018,159968887,7130987,495,3.6
2017,159983026,7130987,37,3.4
2016,159986062,7130987,13,3.9
2015,159968881,7130987,519,3.6
2017,159975244,7131339,42,3.7
2016,159943309,7131339,103,3.7
2015,159944842,7131427,15,3.9
2019,160559622,7131562,14,3.7
2018,159945342,7131562,28,3.8
2018,161658266,7131583,18,3.8
2017,159945408,7131583,26,4.0
2017,159946865,7131962,19,3.8
2017,159948299,7132400,100,3.4
2016,159948305,7132403,10,4.5
2018,159948321,7132406,13,4.2
2014,160063996,7132441,15,3.2
2020,164113463,7132534,51,3.7
2019,160809619,7132534,273,3.4
2018,159948596,7132534,287,3.7
2017,159968673,7132534,20,3.7
2016,159983539,7132560,19,4.4
2016,160219973,7132581,27,4.3
2015,160025240,7132581,74,4.1
2013,159991216,7132595,11,4.2
2017,159948823,7132634,17,3.3
2016,162251276,7132634,18,3.6
2018,160036598,7132655,64,3.9
2011,161508903,7132670,14,2.9
2018,159948914,7132677,22,4.0
2016,159949009,7132720,10,3.4
2018,161967223,7132773,19,4.0
2016,159949191,7132773,15,3.5
2020,163487390,7132805,10,3.3
2019,161525110,7132805,324,3.2
2018,159949286,7132805,382,3.5
2019,160501284,7132843,101,2.9
2018,160032314,7132843,98,3.7
2017,159974668,7132843,70,3.4
2016,159949492,7132896,17,4.0
2017,163384313,7132977,34,3.9
2016,159949686,7132977,232,4.1
2018,163753781,7132978,39,4.0
2017,161072093,7132978,48,4.0
2018,160161352,7132989,14,3.9
2018,160350767,7133011,221,3.5
2017,159949780,7133011,124,3.6
2018,160817639,7133047,88,4.0
2014,160013481,7133061,31,3.9
2018,159991718,7133088,63,3.0
2017,159987291,7133088,76,2.9
2016,159999494,7133158,18,3.7
2018,163272326,7133216,10,4.3
2017,159950365,7133216,12,4.6
2018,159968343,7133317,15,4.0
2019,159955631,7133428,18,4.2
2018,159951179,7133428,88,3.9
2019,164324953,7133553,135,3.9
2018,160643485,7133553,45,3.8
2019,160546469,7133633,14,4.0
2018,159994682,7133633,17,3.6
2018,159952538,7133752,17,3.6
2017,159952610,7133772,57,3.9
2018,161749442,7133803,62,3.5
2017,160220262,7133803,42,4.0
2019,160856797,7134183,113,3.7
2018,159954272,7134183,166,3.8
2017,159954293,7134251,13,3.7
2017,159954552,7134265,17,3.8
2016,159954563,7134266,33,3.6
2016,159954610,7134283,36,3.9
2020,163454307,7134287,28,3.7
2019,162193597,7134287,70,3.8
2018,159953958,7134287,37,3.7
2020,163883640,7134299,135,3.3
2019,162002114,7134299,533,3.3
2018,159954664,7134299,216,3.1
2017,159969004,7134299,12,3.3
2018,159973777,7134333,18,4.3
2017,159981949,7134333,10,4.2
2015,159954746,7134336,12,3.7
2018,160045563,7134353,70,3.4
2020,167621789,7134354,79,4.0
2019,163296701,7134354,95,3.9
2018,159954792,7134354,62,3.9
2018,161194983,7134356,26,3.8
2017,159954796,7134356,55,3.7
2016,160037481,7134356,23,3.5
2018,160095145,7134370,34,3.6
2017,160095150,7134370,43,3.7
2007,160550600,7134383,22,3.9
2018,160005521,7134396,693,3.7
2017,160005522,7134396,510,3.8
2016,159954883,7134396,178,3.8
2018,161981423,7134436,16,4.2
2017,159954966,7134436,27,4.3
2016,159955011,7134455,133,3.6
2019,160556335,7134480,60,4.0
2018,160553273,7134480,125,3.8
2018,160519564,7134495,17,3.9
2015,161286115,7134498,15,4.1
2017,159955073,7134500,11,3.9
2017,162007329,7134532,35,3.7
2016,161158275,7134532,41,3.2
2015,161102510,7134532,24,3.8
2017,159955195,7134567,10,4.9
2016,159987870,7134595,34,3.8
2017,159955284,7134611,16,3.8
2017,160152393,7134631,78,3.4
2016,159955328,7134631,30,3.2
2016,159955394,7134653,28,4.7
2015,159955403,7134653,55,4.5
2016,159955401,7134657,43,3.7
2019,161950320,7134724,17,3.6
2017,159955571,7134724,10,3.6
2015,160196204,7134724,31,3.1
2018,163921976,7134748,60,3.8
2017,159992336,7134748,28,3.5
2016,159955648,7134752,24,3.5
2018,161057826,7134770,13,3.9
2017,159949704,7134770,24,3.8
2019,162329709,7134777,22,3.8
2018,160072385,7134777,57,3.8
2016,159956130,7134784,25,4.4
2016,159955771,7134802,12,4.5
2017,160134602,7134806,65,3.7
2016,160085044,7134806,52,3.7
2017,159955900,7134855,15,3.6
2018,160444608,7134873,10,3.6
2005,160035036,7134893,11,4.1
2018,159971337,7134894,25,3.4
2018,160218487,7134917,135,4.3
2017,159956122,7134917,143,4.2
2018,160116215,7135006,50,3.8
2017,159974848,7135006,83,3.8
2018,159956392,7135009,35,3.2
2018,159976371,7135081,33,3.5
2018,165590894,7135103,21,4.0
2017,160534606,7135103,29,4.2
2016,159956829,7135103,12,4.3
2017,159956834,7135106,13,4.6
2015,160255716,7135131,18,4.8
2019,160360419,7135154,29,4.5
2018,160360424,7135154,334,4.5
2017,159957026,7135154,431,4.5
2016,160146607,7135154,11,4.5
2018,163103118,7135168,26,3.0
2018,159957143,7135184,46,3.2
2015,159957378,7135233,14,3.4
2015,159957491,7135253,147,3.9
2019,160631087,7135275,48,3.8
2018,159957557,7135275,111,3.8
2017,159957548,7135275,33,3.9
2016,160012008,7135275,13,4.0
2018,160316218,7135313,28,3.9
2017,159957790,7135316,52,3.7
2018,164994733,7135388,11,4.3
2015,159958011,7135388,10,4.2
2016,159960571,7135972,18,4.6
2016,159960638,7135994,10,4.0
2018,160573026,7135998,141,4.2
2017,160538585,7135998,126,4.2
2016,159960654,7135998,34,4.3
2016,160134768,7136000,13,4.6
2019,160022499,7136019,219,3.8
2018,159960726,7136019,484,3.8
2018,161044319,7136060,44,3.8
2017,159962719,7136060,215,3.7
2016,159963296,7136060,15,3.2
2018,161188319,7136062,19,3.8
2017,159960838,7136062,32,4.0
2019,160222438,7136159,10,3.7
2018,160006742,7136159,351,3.9
2017,159989297,7136159,549,3.9
2015,160024534,7136166,64,3.8
2014,160424503,7136166,11,3.8
2015,160575245,7136168,26,4.0
2014,160691196,7136168,16,3.7
2019,165679582,7136265,67,3.8
2017,159961286,7136265,55,3.6
2017,160050313,7136306,57,4.3
2016,159961395,7136306,94,4.0
2018,160248771,7136310,52,3.5
2017,159989113,7136310,14,3.7
2017,159961413,7136316,11,3.4
2019,164014947,7136323,14,3.5
2016,159969129,7136323,17,3.6
2018,162507736,7136331,40,4.0
2017,159961446,7136331,40,3.9
2016,159969133,7136331,22,3.8
2016,161543850,7136334,106,3.7
2017,159981118,7136385,33,3.9
2019,164216694,7136417,20,3.9
2018,160065768,7136417,132,3.6
2017,160772522,7136417,14,3.7
2017,160003605,7136419,58,4.0
2016,159961741,7136419,51,4.3
2019,163933084,7136495,12,3.7
2016,160203057,7136495,10,4.2
2019,160629606,7136524,22,3.6
2018,160483508,7136524,76,3.5
2017,160046444,7136524,142,3.7
2016,160076073,7136524,89,3.4
2020,166026508,7136589,10,4.0
2019,162240614,7136589,18,3.6
2018,160388922,7136589,31,4.2
2017,159980934,7136609,130,3.9
2016,160058046,7136609,28,4.0
2018,160290499,7136675,13,4.0
2017,159962706,7136675,23,3.8
2016,160159378,7136729,10,3.5
2017,160149352,7136762,184,3.8
2016,160042977,7136762,299,3.9
2016,160015658,7136777,105,4.2
2019,161418216,7136868,12,3.3
2017,159963659,7136868,77,3.3
2017,160152583,7137573,52,4.2
2016,160010556,7137573,54,4.2
2016,159966610,7137586,22,4.5
2019,163098975,7137603,54,3.7
2018,160661199,7137603,120,3.6
2017,159966635,7137603,49,3.4
2017,161521584,7137608,10,3.7
2016,159966650,7137608,17,4.3
2016,159966652,7137609,14,4.0
2016,159966678,7137617,39,3.7
2018,159966698,7137625,112,3.8
2018,162553144,7137637,37,4.3
2017,160004667,7137637,10,4.3
2018,159966764,7137650,17,3.5
2018,164374640,7137652,10,4.0
2018,160704564,7137672,11,3.7
2017,159966820,7137672,16,3.1
2017,160690305,7137711,147,4.1
2016,159994051,7137711,177,4.3
2015,159966900,7137711,41,4.5
2014,160015981,7137711,41,4.2
2013,160016564,7137711,32,4.2
2007,160716566,7137711,11,4.6
2016,159966894,7137727,65,4.4
2017,159966940,7137730,12,3.5
2016,160006926,7137730,14,4.0
2016,159966960,7137735,31,3.7
2018,159966966,7137740,10,1.9
2015,159977391,7137792,20,2.3
2018,160063345,7137812,20,4.0
2017,159967225,7137849,30,3.8
2016,159967287,7137870,41,3.6
2020,165221861,7137878,12,4.0
2019,162681074,7137878,131,3.6
2018,160096440,7137878,122,3.8
2017,160067781,7137890,24,3.7
2018,163628314,7137898,11,3.9
2017,159967360,7137898,17,3.6
2012,160018663,7137912,23,4.5
2011,160098518,7137912,28,4.6
2010,160096385,7137912,11,4.5
2018,160169514,7137982,1543,3.5
2017,160075926,7137982,80,3.5
2015,161131918,7137982,20,3.5
2011,160910756,7137982,11,3.5
2010,160870567,7137982,10,3.5
2014,160569711,7137985,12,3.4
2013,159967646,7137985,12,3.3
2016,160049665,7137998,10,3.2
2017,159967696,7138002,14,4.1
2018,162151469,7138055,13,4.2
2018,160088170,7138088,10,3.6
2016,159967972,7138088,93,3.6
2018,165953792,7138148,42,3.4
2017,159968158,7138148,176,3.6
2017,161576812,7138164,18,4.0
2015,159970524,7138164,65,4.4
2018,161169566,7138226,33,3.8
2017,159968455,7138226,206,4.0
2018,159968476,7138229,55,3.3
2017,160073387,7138229,26,3.0
2018,160166978,7138420,23,2.8
2019,163237617,7138469,24,4.1
2018,162531089,7138469,212,4.2
2017,160140596,7138469,202,4.1
2016,160032376,7138469,170,4.0
2015,160000469,7138469,24,3.8
2019,163985685,7138508,17,4.0
2018,161288258,7138508,20,3.9
2017,160082781,7138508,24,4.3
2019,166511492,7139165,19,3.7
2018,161549230,7139165,126,3.6
2017,159972718,7139165,136,3.4
2015,160057292,7139165,14,3.2
2020,163651304,7139292,15,3.8
2019,161101562,7139292,268,3.5
2018,159983191,7139292,290,3.4
2017,159973173,7139292,99,3.4
2017,159973284,7139335,27,4.2
2017,159973287,7139337,63,4.1
2018,160007764,7139359,24,3.7
2015,160302261,7139376,42,4.6
2014,160009424,7139376,10,4.4
2013,159973380,7139376,52,4.0
2018,164546833,7139392,23,4.0
2016,159973428,7139392,28,4.0
2018,159973473,7139406,71,3.6
2017,159973488,7139415,20,3.9
2019,161522915,7139418,35,3.7
2018,159978675,7139418,44,3.3
2017,159997421,7139418,11,3.3
2016,159977610,7139418,43,3.2
2018,160434697,7139457,12,4.0
2017,161029262,7139457,153,3.6
2016,159973567,7139457,186,3.8
2016,159973599,7139474,52,4.2
2018,161322912,7139498,15,3.7
2016,159973668,7139507,21,3.9
2016,159973707,7139523,34,4.2
2019,162145616,7139531,21,3.2
2017,159973726,7139531,10,3.8
2017,160253483,7139553,65,3.7
2016,160113358,7139553,21,3.6
2018,160252560,7139559,94,3.8
2017,159973788,7139559,27,3.6
2019,162990407,7139562,13,3.7
2016,159973801,7139566,224,4.7
2017,161197793,7139579,17,3.6
2016,159972594,7139579,45,3.8
2015,160025870,7139579,11,3.7
2018,159973860,7139595,52,3.4
2017,160058926,7139604,102,3.9
2015,159973876,7139604,257,3.9
2011,160054590,7139604,33,3.9
2017,159973878,7139605,12,3.7
2015,160232382,7139615,12,4.3
2018,160690848,7139622,14,3.8
2017,160160243,7139622,88,3.8
2016,160160240,7139622,32,3.8
2015,159973943,7139630,10,4.0
2018,160052378,7139631,282,4.2
2017,159973947,7139631,216,4.1
2011,160652482,7139668,11,4.1
2018,160052900,7139673,28,4.1
2017,160024498,7139673,23,3.8
2016,160085374,7139673,10,3.6
2016,161040137,7139726,16,3.8
2017,160049197,7139805,20,3.9
2016,159974410,7139805,38,4.0
2015,159974409,7139805,42,3.8
2019,165906676,7140065,45,3.2
2018,159981255,7140065,172,3.4
2016,159975490,7140065,73,3.2
2018,160652450,7140134,54,3.5
2017,160161445,7140134,12,3.8
2017,159977005,7140199,29,3.9
2020,166448005,7140240,36,3.9
2018,159976252,7140240,315,3.6
2018,160396904,7140345,15,3.5
2017,159976726,7140345,22,3.5
2019,161278455,7140446,33,3.5
2017,159977206,7140446,20,3.4
2017,159977355,7140470,34,3.4
2016,160117589,7140619,13,4.2
2018,161570179,7140698,32,3.7
2011,159979198,7140877,24,4.4
2015,159979730,7140994,13,3.6
2018,162973784,7141506,156,3.6
2017,160005115,7141506,162,3.7
2018,160543176,7141509,12,3.4
2019,162397605,7141522,71,3.8
2018,159981719,7141522,128,4.1
2018,160060162,7141541,18,4.1
2016,159981251,7141541,22,4.3
2017,160047313,7141550,14,4.0
2016,160067633,7141550,17,4.1
2017,160125399,7141557,13,4.0
2018,162674380,7141558,12,4.0
2010,159981812,7141561,37,3.8
2018,159981852,7141577,27,3.8
2017,159981884,7141591,300,3.8
2016,160015320,7141591,10,3.9
2017,159981886,7141592,20,3.7
2016,159981927,7141606,29,3.5
2016,160099230,7141610,18,4.1
2015,160006154,7141610,48,4.1
2020,166470426,7141641,60,3.7
2019,162067235,7141641,69,3.7
2018,159982015,7141641,79,3.5
2019,162430382,7141654,20,3.7
2018,160967967,7141654,52,3.8
2017,159982118,7141655,46,4.3
2018,159982061,7141659,32,3.6
2008,159982137,7141697,11,4.4
2018,160398956,7141718,152,4.0
2017,160000405,7141718,79,3.6
2019,164626847,7141721,31,4.0
2018,163338428,7141721,177,3.8
2017,159992204,7141721,111,3.9
2017,160133222,7141747,13,3.2
2015,159982277,7141747,10,3.3
2017,159982287,7141751,38,3.9
2017,159982407,7141796,12,3.3
2016,160010012,7141796,11,3.6
2018,161585658,7141809,15,4.1
2018,159976628,7141830,44,3.9
2019,163408707,7141872,11,3.4
2018,159982582,7141872,17,3.5
2017,160013875,7141872,14,3.3
2018,166239954,7141875,23,4.2
2016,159982591,7141875,45,4.1
2016,160272485,7141880,25,3.9
2019,164541275,7141897,13,3.8
2018,160277682,7141897,34,3.7
2017,159982672,7141897,27,3.7
2016,160343085,7141897,13,3.7
2018,160984401,7141986,20,3.8
2017,160018196,7141986,10,3.7
2020,166958340,7142021,22,4.2
2019,159987144,7142021,97,3.6
2018,159983028,7142021,165,3.4
2018,159983030,7142022,21,3.5
2019,162282237,7142035,139,3.6
2018,160049988,7142035,374,3.6
2017,159983091,7142035,851,3.6
2017,160056027,7142074,18,4.1
2015,159983258,7142092,12,3.8
2018,160877094,7142098,15,3.1
2017,159983278,7142098,69,3.4
2018,163479864,7142112,32,3.8
2017,160306987,7142112,32,4.3
2016,160029922,7142112,13,4.2
2018,160219796,7142114,89,3.5
2017,160585300,7142114,160,3.9
2016,159983329,7142114,76,3.7
2018,160820236,7142118,36,4.3
2017,160903874,7142118,15,4.6
2016,160060166,7142118,14,3.8
2018,161442835,7142120,15,4.2
2017,161718080,7142120,34,4.4
2016,160099342,7142120,25,4.4
2016,160142420,7142134,11,4.3
2016,160038410,7142202,24,4.0
2018,159983805,7142232,18,3.9
2010,159984073,7142305,125,4.0
2019,161023269,7142410,63,3.7
2018,160977574,7142410,29,3.5
2017,159984483,7142410,76,3.6
2015,159984740,7142465,95,4.0
2009,159985573,7142639,76,4.4
2016,160294494,7142713,29,3.6
2016,159986011,7142764,53,4.3
2016,159986796,7142956,36,3.5
2017,159987253,7143040,50,3.4
2015,160043007,7143040,15,3.6
2017,160386942,7143163,44,4.4
2016,159987792,7143163,48,4.3
2017,160020232,7143330,16,3.5
2018,160251561,7143608,26,3.4
2018,160159477,7144280,11,4.0
2017,159992377,7144280,62,4.3
2016,160081775,7144304,15,4.1
2018,160395247,7144377,71,3.7
2017,159992545,7144377,95,3.7
2017,161640150,7144378,14,4.0
2016,159992720,7144378,15,4.2
2015,160058153,7144378,15,3.9
2011,160748305,7144378,12,4.3
2017,164159328,7144397,30,4.4
2016,159992773,7144397,53,4.0
2017,159992810,7144409,17,3.7
2016,159991411,7144444,17,4.2
2015,160170194,7144444,11,4.3
2018,159993025,7144472,37,4.1
2014,159993111,7144500,16,4.1
2017,159993128,7144508,18,4.1
2017,161185387,7144531,21,4.3
2016,160230469,7144531,10,3.5
2015,159993183,7144531,23,4.0
2019,161484534,7144542,80,3.5
2018,160093295,7144542,256,3.4
2017,159993216,7144542,226,3.4
2018,164727463,7144548,37,4.4
2018,160043357,7144709,10,3.0
2016,160012406,7144709,34,3.4
2014,160013998,7144709,32,3.0
2018,163410772,7144713,20,4.1
2017,163394089,7144713,95,3.7
2016,161540972,7144713,18,3.6
2018,162474412,7144782,98,3.7
2017,159993897,7144782,27,3.7
2018,160010759,7144800,12,3.8
2017,159993941,7144800,23,4.1
2017,160068354,7144806,21,3.7
2016,162280286,7144812,11,3.8
2017,160533680,7144830,94,4.1
2016,159994016,7144830,461,4.1
2018,160005492,7144833,27,3.5
2017,160005499,7144833,43,3.4
2017,160216537,7144842,39,3.7
2016,159994040,7144842,57,3.9
2018,160089153,7144856,83,3.4
2017,160000520,7144856,163,3.7
2017,160092666,7144876,10,3.9
2017,159994192,7144892,13,3.5
2017,159994247,7144911,11,4.3
2017,159994332,7144937,34,3.9
2016,159994375,7144953,69,3.6
2018,160673471,7144979,19,4.3
2017,159994453,7144979,16,4.1
2016,160077123,7144979,27,4.4
2017,159994583,7145021,15,4.1
2018,161310550,7145030,77,3.7
2017,161139971,7145030,133,3.8
2016,160077910,7145030,191,3.9
2017,159994677,7145051,28,4.3
2017,160022528,7145062,14,3.6
2020,163813116,7145069,40,3.8
2019,162365187,7145069,116,3.6
2018,159994734,7145069,182,3.7
2018,159994961,7145128,141,3.0
2019,165936458,7145132,19,3.8
2018,160369027,7145132,16,3.8
2017,160085998,7145132,19,3.4
2019,162940814,7145156,92,3.7
2018,159994973,7145156,57,3.8
2017,159995135,7145177,13,3.9
2019,164111360,7145194,29,3.8
2018,160014769,7145194,20,3.9
2017,159995328,7145229,47,4.1
2017,161273649,7145270,49,3.3
2015,160024461,7145302,16,3.5
2014,159995580,7145302,12,3.8
2013,160010510,7145302,35,3.3
2017,159996222,7145498,24,3.3
2017,161324110,7145659,16,3.9
2016,159996990,7145659,62,4.0
2018,163374095,7145705,15,4.1
2017,160625592,7145705,16,3.9
2017,160014626,7145788,24,4.2
2019,160129373,7145921,79,3.2
2018,159998096,7145921,200,2.8
2017,160063042,7145921,23,3.4
2016,160063041,7145921,275,3.7
2015,160010821,7145921,249,3.6
2014,160014175,7145921,19,3.6
2019,164028339,7146047,54,4.1
2018,160894398,7146047,139,3.8
2017,159998603,7146047,55,4.2
2018,161008312,7146060,26,3.7
2017,159998400,7146104,138,3.5
2019,160314018,7146109,214,3.8
2018,160024506,7146109,262,3.9
2017,159998806,7146109,225,3.9
2016,160011809,7146109,68,4.4
2015,160012409,7146109,41,4.1
2014,160012482,7146109,17,4.2
2012,160011825,7146109,11,4.2
2011,160015742,7146109,16,3.8
2017,159990973,7146187,18,3.8
2017,159999154,7146217,10,4.1
2016,160465988,7146625,12,4.0
2017,160003522,7147441,31,4.3
2016,160007042,7147512,18,3.9
2018,160089087,7147522,25,3.7
2017,160003791,7147522,51,3.9
2016,160156112,7147527,43,4.4
2018,160003782,7147532,22,4.0
2017,160244266,7147532,38,3.9
2019,161908432,7147547,147,3.3
2018,160027575,7147547,368,3.5
2017,160003839,7147547,113,3.4
2019,164667553,7147577,14,3.6
2018,161132642,7147577,35,3.7
2017,160003900,7147577,23,3.5
2018,160151188,7147580,15,4.2
2017,160280690,7147580,53,4.1
2016,160003909,7147580,37,4.1
2015,160003954,7147598,28,4.1
2018,160003956,7147599,91,4.0
2016,160003959,7147600,23,4.5
2016,160021359,7147613,111,4.6
2018,160117463,7147616,11,2.9
2004,160004004,7147628,16,4.3
2016,160004038,7147642,17,4.3
2018,160772334,7147656,113,3.7
2017,160004057,7147656,26,3.4
2018,160004134,7147659,16,3.9
2017,161298156,7147667,15,4.0
2016,160004079,7147667,15,4.2
2019,160433003,7147687,123,3.2
2018,160001518,7147687,74,3.3
2017,160004149,7147702,46,3.9
2019,163347365,7147731,71,3.9
2018,160004213,7147731,101,3.8
2018,160288188,7147764,190,3.4
2019,160825097,7147814,15,4.0
2018,160004401,7147814,68,3.9
2018,161539684,7147823,31,3.9
2017,160004423,7147823,17,4.0
2018,162137696,7147866,15,4.0
2018,160004590,7147890,23,3.2
2016,160171811,7147928,43,4.3
2018,160083351,7147946,97,3.5
2017,160004721,7147946,139,3.4
2005,160048829,7147961,35,4.2
2004,160102600,7147961,18,4.5
2019,163642437,7147988,39,3.9
2018,160004846,7147988,25,4.0
2017,160345135,7147988,11,3.7
2017,161218632,7147995,12,3.6
2016,160064115,7147995,14,3.8
2015,160004864,7147995,10,3.9
2017,160236050,7148004,38,3.9
2016,160004882,7148004,155,3.7
2017,161247142,7148016,11,4.4
2015,160004919,7148016,11,4.5
2012,160005139,7148088,138,4.0
2014,160158941,7148108,10,4.1
2016,160005261,7148118,343,4.2
2018,160283128,7148131,14,3.9
2017,160057375,7148131,54,4.0
2018,161457195,7148134,799,3.7
2017,160023516,7148134,1053,3.8
2016,160679919,7148134,13,3.7
2015,161557721,7148134,10,3.7
2012,160136929,7148134,57,3.8
2017,162326181,7148138,12,3.4
2016,160009297,7148138,44,3.7
2018,160271643,7148139,12,4.0
2013,160235051,7148154,15,4.4
2017,160005369,7148157,14,4.0
2018,165021359,7148158,15,4.1
2017,160291802,7148158,69,4.2
2019,160655624,7148163,11,3.7
2018,160735847,7148163,15,3.7
2017,160897751,7148163,22,3.7
2018,160079079,7148164,10,3.8
2018,160005416,7148172,43,3.4
2016,160005593,7148230,23,3.9
2016,160138437,7148234,24,3.6
2016,160005640,7148243,37,4.6
2017,160153084,7148264,12,4.2
2018,160005826,7148284,12,3.4
2019,160026313,7148348,66,3.6
2018,160006066,7148348,26,3.8
2019,163361366,7148349,22,4.1
2018,160006071,7148349,23,3.8
2016,160203112,7148380,120,4.2
2017,160974276,7148382,14,4.1
2016,160203122,7148382,86,4.2
2017,160459187,7148386,82,4.1
2016,160203135,7148386,125,4.2
2018,164820461,7148387,83,4.3
2017,161423096,7148387,38,4.3
2016,160203151,7148387,204,4.4
2017,160458480,7148389,66,4.1
2014,160203170,7148389,45,4.3
2017,160553496,7148394,50,4.1
2014,160203177,7148394,59,4.4
2016,160416270,7148396,22,3.7
2014,160203187,7148396,60,4.4
2018,161139877,7148410,14,3.8
2017,160006356,7148410,20,4.3
2016,160006286,7148410,22,4.1
2015,160203156,7148422,23,4.0
2019,160463500,7148444,112,4.0
2018,160006465,7148444,97,4.0
2018,160006469,7148445,10,3.5
2017,160007049,7148570,11,4.2
2015,160009493,7149083,73,4.1
2018,160438812,7149149,28,4.1
2017,160400883,7149149,130,4.0
2016,160320923,7149149,94,4.0
2015,160009733,7149149,93,3.8
2014,160055964,7149149,128,3.8
2016,160337232,7149203,10,4.1
2019,161227798,7149218,101,3.0
2018,160010016,7149218,34,3.2
2017,160014283,7149218,28,3.4
2016,160016933,7149218,19,3.4
2017,160010127,7149239,11,3.5
2017,160011296,7149259,17,2.8
2016,160010237,7149269,28,4.0
2014,160010357,7149321,10,4.2
2018,160501819,7149362,89,3.9
2017,160010442,7149362,209,4.2
2016,160010488,7149377,10,4.2
2018,160074222,7149390,144,3.5
2016,160010518,7149390,189,3.2
2017,161475450,7149403,26,4.3
2016,160895378,7149403,28,4.3
2019,161031524,7149406,20,4.4
2017,160969956,7149406,1101,4.4
2016,160022575,7149406,352,4.4
2015,160010550,7149406,91,4.4
2014,160029181,7149406,67,4.5
2013,160069811,7149406,16,4.3
2016,160402006,7149412,16,4.0
2015,160010565,7149412,17,3.9
2017,160511789,7149422,74,3.8
2015,160066367,7149436,125,4.0
2014,160547630,7149436,108,4.1
2019,160646384,7149475,338,3.7
2018,160010698,7149475,801,3.6
2017,160146644,7149475,391,3.7
2016,160143674,7149475,20,3.9
2010,160883778,7149475,14,3.8
2019,162589661,7149497,40,3.8
2018,161056760,7149497,155,3.6
2017,160017914,7149497,275,3.8
2016,160017772,7149497,224,3.9
2015,160780367,7149497,139,3.9
2019,164900143,7149509,24,3.6
2018,159975229,7149509,60,3.8
2017,160334231,7149509,13,4.0
2019,161780592,7149513,88,3.7
2018,160902826,7149513,25,3.6
2017,160966958,7149513,23,3.8
2017,160307258,7149564,64,4.0
2019,160706988,7149581,10,3.9
2018,161704330,7149581,375,4.0
2017,160059401,7149581,124,4.0
2016,160032737,7149581,63,4.1
2011,160392742,7149581,13,4.2
2019,164466302,7149584,12,4.0
2018,160887922,7149584,551,4.1
2017,160744210,7149584,45,4.0
2016,160012744,7149584,40,4.1
2011,161917588,7149584,14,4.0
2010,161214255,7149584,21,4.2
2018,166269630,7149594,63,3.6
2017,160011031,7149594,52,3.5
2018,160068300,7149596,27,4.1
2017,160019587,7149596,56,4.0
2016,160086356,7149596,38,3.9
2019,161936937,7149618,162,3.8
2018,163092150,7149618,72,3.7
2017,160124773,7149635,10,2.9
2019,161705032,7149641,26,3.9
2018,160011136,7149641,19,3.8
2018,164879207,7149647,14,4.0
2017,160011169,7149647,40,4.0
1998,160132554,7149666,24,4.0
1996,160179530,7149666,12,4.5
2017,160011260,7149676,29,3.3
2018,161768243,7149694,11,4.0
2016,160077821,7149703,94,2.9
2019,163316592,7149705,27,3.4
2018,160011433,7149705,10,3.3
2018,160018611,7149743,26,3.6
2012,160011492,7149744,46,4.0
2019,161657250,7149786,17,3.3
2017,160011597,7149786,14,3.3
2016,160298239,7149823,76,3.8
2017,161511790,7149894,10,3.9
2018,162220297,7149895,13,4.3
2017,161562319,7149895,23,4.3
2016,162115477,7149930,19,4.4
2015,161424315,7149930,28,4.2
2013,160012071,7149930,41,4.5
2017,160030509,7149935,13,2.7
2016,160012112,7149942,10,3.8
2019,162236166,7149946,19,4.2
2018,161954085,7149946,78,3.9
2017,160012128,7149946,90,3.9
2016,160519761,7149953,42,4.2
2015,160291122,7149953,81,4.1
2019,161093502,7149966,28,3.4
2018,160760656,7149966,20,3.4
2017,160022695,7149966,27,3.1
2016,160012194,7149966,18,3.8
2017,160413866,7150070,78,4.1
2016,160063846,7150070,101,4.1
2016,160013018,7150154,35,3.7
2018,160764837,7150320,24,3.3
2017,160013713,7150320,48,3.8
2019,160556739,7150649,19,3.8
2018,160015264,7150649,66,4.0
2016,161172458,7150649,19,4.1
2015,160054190,7150649,24,3.9
2017,160015455,7150689,41,3.6
2019,164871516,7150920,73,4.0
2018,160931228,7150920,97,3.7
2017,160016358,7150920,41,3.9
2016,163278822,7151002,10,4.0
2015,163363555,7151002,20,3.9
2015,161121176,7151014,43,4.3
2016,160016757,7151051,19,3.4
2017,160016797,7151066,23,3.9
2017,160070833,7151082,1044,3.6
2016,160016854,7151082,62,3.3
2010,160114901,7151082,13,3.4
2001,160125831,7151082,11,3.2
2018,161744587,7151084,123,3.5
2017,160016864,7151084,75,3.8
2016,160028563,7151084,26,3.8
2016,160016220,7151090,22,3.4
2017,160016976,7151141,427,3.9
2017,160223090,7151143,34,3.8
2019,161097744,7151197,55,2.7
2018,160017156,7151197,98,2.9
2019,160745119,7151199,20,3.7
2018,160519190,7151199,102,3.9
2018,160017199,7151210,50,3.9
2016,160218012,7151212,12,3.9
2015,160026153,7151212,16,4.1
2016,163392564,7151229,20,4.0
2015,160017241,7151229,61,4.0
2010,164971097,7151242,10,4.1
2009,160073215,7151242,25,4.0
2008,160022689,7151242,24,3.9
2020,165348578,7151247,10,3.7
2016,160018130,7151260,20,3.3
2014,160018129,7151260,39,2.7
2016,160366228,7151268,10,3.1
2014,160065446,7151268,25,3.2
2019,163487890,7151285,17,3.6
2018,160521255,7151285,17,3.5
2013,160017504,7151306,96,4.1
2018,160646733,7151355,25,4.0
2017,160028077,7151355,16,4.0
2016,160017665,7151355,10,4.2
2019,161907037,7151382,194,3.5
2018,160017752,7151382,292,3.5
2017,160017763,7151387,193,3.8
2018,161100920,7151416,23,3.5
2017,160017863,7151416,45,3.5
2014,160018016,7151463,30,4.2
2019,163013333,7151496,12,3.9
2018,160018059,7151496,20,4.0
2016,160018782,7151677,25,4.5
2019,161941578,7151729,79,3.8
2018,160097893,7151729,288,3.7
2017,160019052,7151729,172,3.9
2019,161920211,7151734,34,3.3
2018,160366274,7151734,174,3.5
2017,160019046,7151734,70,3.1
2018,160694932,7151866,21,2.5
2017,160611596,7151866,70,2.7
2019,160248306,7151891,12,4.0
2018,160071800,7151891,568,3.9
2017,160019680,7151891,1118,3.9
2016,160026401,7151891,34,4.0
2015,160041915,7151891,20,4.1
2019,165040900,7152013,12,3.5
2018,161134941,7152013,19,3.9
2017,160020274,7152013,13,3.5
2015,160391209,7152028,15,3.6
2013,160020343,7152028,11,4.2
2016,160113730,7152056,15,4.2
2018,162951535,7152104,18,4.4
2017,160020628,7152104,40,4.3
2017,160020686,7152115,46,4.0
1990,160022299,7152494,24,4.3
2019,162945652,7152670,78,4.0
2018,160528780,7152670,28,4.0
2017,160023011,7152677,14,3.0
2018,160023054,7152691,13,3.9
2017,160265656,7152705,10,3.8
2016,160023084,7152705,10,3.7
2018,160023149,7152729,14,4.3
2016,160023154,7152732,77,3.8
2017,161524699,7152746,52,4.0
2016,160654803,7152746,66,3.9
2014,160023178,7152746,22,3.8
2017,162754738,7152754,12,4.4
2016,160023194,7152754,17,4.5
2015,160190077,7152805,14,4.0
2015,160023386,7152817,42,3.6
2018,163200713,7152848,14,4.0
2017,160023463,7152848,19,4.1
2018,160023498,7152865,18,3.8
2018,161121144,7152878,244,3.8
2017,160023527,7152878,715,3.7
2016,160023628,7152927,15,3.8
2019,162183241,7152928,85,3.8
2018,160023632,7152928,117,3.8
2017,160023745,7152981,15,4.0
2016,160023920,7153034,13,3.2
2019,161236393,7153051,66,3.9
2018,160023967,7153051,60,3.6
2018,161813044,7153073,14,3.6
2018,160395197,7153079,73,3.7
2016,160788970,7153079,13,3.8
2018,160632250,7153124,14,4.2
2017,160032901,7153124,15,4.2
2016,160027964,7153124,16,4.3
2015,160036333,7153124,93,4.2
2014,160024229,7153124,81,4.6
2013,160042827,7153124,15,4.3
2011,160136802,7153124,25,4.6
2019,160911425,7153152,10,3.5
2018,160195731,7153152,102,3.4
2017,160538934,7153152,14,3.3
2016,160024489,7153152,217,3.6
2014,160148585,7153152,12,3.6
2018,161402809,7153196,18,3.8
2016,160024523,7153208,18,3.7
2017,160024532,7153211,14,3.7
2019,160178242,7153216,18,3.7
2018,160072784,7153216,13,3.0
2018,160614409,7153393,19,4.0
2017,160025290,7153393,680,4.3
2002,160033697,7153397,23,4.3
2018,162966506,7153418,15,4.1
2016,160081891,7153418,22,4.1
2019,166561568,7153496,10,3.9
2018,160025730,7153496,75,3.6
2008,160025736,7153498,12,4.0
2017,160032416,7153654,50,3.5
2019,163258128,7153688,111,3.5
2018,160621906,7153688,338,3.5
2017,160026634,7153688,186,3.7
2016,160130039,7153715,23,4.2
2015,160034682,7153715,30,4.0
2013,160117647,7153715,12,4.3
2012,160107049,7153715,14,4.3
2019,160611211,7154473,18,3.7
2018,160029816,7154473,19,3.5
2018,160029857,7154489,39,3.9
2018,161076974,7154501,11,3.4
2017,160034347,7154501,51,3.5
2017,160029937,7154515,23,4.2
2016,160029975,7154529,10,3.9
2017,160030017,7154550,18,4.1
2019,161267594,7154587,10,3.6
2018,161009230,7154587,169,3.7
2016,160034799,7154587,20,3.4
2015,163687707,7154587,10,3.8
2018,160028925,7154603,75,3.1
2015,160041045,7154606,46,4.1
2016,163838055,7154608,11,3.4
2015,160050406,7154608,16,3.5
2015,160030202,7154609,13,4.3
2018,160407002,7154616,12,3.8
2017,161213131,7154617,55,4.3
2016,160030185,7154617,72,4.2
2010,160032894,7154624,16,4.1
2009,160030210,7154624,12,3.8
2016,160030230,7154634,24,4.0
2018,160028324,7154639,11,3.6
2017,160034062,7154639,14,3.8
2018,160028146,7154647,10,3.9
2016,160044662,7154659,21,3.9
2015,160030286,7154659,30,3.4
2020,165616090,7154680,13,3.9
2018,160030327,7154680,14,3.8
2019,164648899,7154737,14,3.7
2017,160045550,7154737,23,3.9
2016,160176448,7154737,11,3.9
2019,161790825,7154739,20,4.2
2017,160030521,7154739,38,4.4
2019,162020422,7154745,16,4.3
2017,160030540,7154745,18,3.7
2018,160912724,7154758,11,3.4
2016,162319663,7154803,16,4.2
2017,160873826,7154807,10,3.9
2017,160505348,7154808,23,3.5
2016,160477279,7154808,13,3.8
2016,160215596,7154919,13,4.0
2019,160609927,7154935,62,3.6
2018,160031159,7154935,165,3.6
2017,160031242,7154964,14,4.3
2018,161250996,7155030,12,4.3
2018,161511160,7155133,354,3.9
2016,160031993,7155133,27,4.2
2018,161247984,7155215,22,3.5
2017,160085032,7155245,18,4.0
2015,160032438,7155245,82,3.8
2017,160033046,7155370,20,3.6
2018,164661136,7155539,10,4.0
2017,162602145,7155539,34,4.1
2017,160034018,7155578,16,3.5
2020,163231606,7155591,55,3.4
2019,160716543,7155591,292,3.1
2018,160034088,7155591,259,3.3
2017,160141737,7155591,192,3.2
2016,160098311,7155591,49,3.3
2015,160561433,7155591,22,3.3
2017,160735713,7155761,913,3.6
2016,160034868,7155761,12,3.6
2018,162978743,7156410,14,3.2
2017,160445755,7156410,15,3.7
2019,162216029,7156647,52,3.9
2017,160046314,7156647,93,3.7
2019,160162910,7156663,43,3.8
2018,160059171,7156663,114,3.6
2016,160204679,7156668,22,4.2
2016,160038623,7156694,40,4.0
2018,160756484,7156709,10,3.9
2018,162201741,7156720,12,4.2
2019,163613485,7156745,12,4.3
2018,160038770,7156745,40,3.6
2019,162374005,7156754,82,3.7
2018,160038793,7156754,22,3.5
2019,161107475,7156761,15,3.6
2018,161107466,7156761,11,3.4
2017,160120865,7156761,67,3.5
2016,160133978,7156761,28,3.8
2015,160079525,7156761,13,3.3
2013,160038817,7156761,15,3.5
2016,160811821,7156782,20,4.6
2015,160038866,7156782,15,4.2
2014,160065710,7156782,12,4.3
2017,160038903,7156802,43,3.9
2018,163413640,7156825,10,4.3
2017,160038959,7156825,28,4.0
2017,164556559,7156826,36,3.6
2015,160038963,7156826,29,3.7
2016,160039011,7156849,64,4.2
2019,160685853,7156865,17,4.1
2013,160039130,7156891,12,4.1
2017,160075230,7156911,15,3.5
2016,162340313,7156911,16,3.8
2017,161544741,7156914,15,3.6
2017,160071113,7156955,14,4.0
2016,160071010,7156955,12,3.5
2015,160039355,7156955,58,4.0
2018,160497828,7156972,27,3.5
2017,160039420,7156972,10,4.1
2018,160039486,7156995,10,3.7
2017,161373331,7156995,13,3.8
2017,160039541,7157038,41,3.7
2017,160039656,7157050,12,3.8
2016,160039668,7157055,83,4.0
2017,160039690,7157061,13,3.8
2019,164679993,7157086,18,3.6
2018,160039774,7157086,93,3.8
2016,160039959,7157135,36,3.5
2015,160052870,7157135,20,3.8
2017,160039992,7157143,23,4.2
2020,165057922,7157152,11,4.0
2019,161146056,7157152,234,3.9
2018,160040021,7157152,692,4.1
2017,160153477,7157152,18,3.9
2018,160448352,7157161,40,2.8
2016,160508371,7157161,22,3.2
2019,160377780,7157204,22,3.8
2017,160366730,7157204,16,3.7
2020,165005381,7157298,17,4.0
2019,163501458,7157298,20,3.5
2016,160233576,7157342,10,4.0
2019,164993727,7157353,68,4.0
2018,160215534,7157353,40,3.9
2017,160105705,7157353,62,3.9
2015,160042166,7157658,28,3.8
2011,160190967,7157658,10,3.9
2017,160283818,7157991,14,3.5
2014,160177026,7158092,132,4.3
2010,160169331,7158092,31,4.2
2009,160382329,7158092,112,4.4
2008,160044060,7158092,17,4.2
2019,164180503,7158487,12,3.4
2017,160046795,7158691,18,4.1
2019,163760003,7158788,38,3.9
2018,160047109,7158788,57,3.8
2018,161707473,7158942,15,4.0
2017,160047946,7158942,43,3.8
2018,160049509,7159321,11,4.3
2016,160048660,7159349,20,3.3
2014,160080171,7159349,10,3.5
2017,160049721,7159381,108,3.7
2017,160065855,7159491,19,3.5
2016,160050124,7159491,15,3.7
2017,160050378,7159564,78,3.9
2017,160050505,7159604,32,3.7
2019,160106024,7159658,11,3.5
2018,160106026,7159658,15,3.5
2016,160157583,7159692,18,3.6
2008,160140466,7159692,22,3.5
2017,160056659,7159719,12,3.3
2018,160847219,7159722,93,3.8
2017,160943336,7159732,22,3.8
2019,162219235,7159787,19,3.4
2018,160058160,7159787,117,3.9
2018,160156768,7159827,235,3.7
2017,160064233,7159827,22,3.9
2019,165424239,7159850,14,4.0
2017,160051236,7159850,42,4.0
2018,160073356,7159851,157,3.9
2016,160113786,7159851,14,3.9
2018,160051324,7159888,24,4.1
2015,160058759,7159913,37,3.9
2016,160051468,7159945,27,2.9
2016,160051476,7159946,39,4.0
2018,160092139,7159993,118,4.0
2017,160051620,7159993,175,3.9
2015,160610923,7159993,11,4.0
2019,161508486,7160054,39,3.9
2018,160600323,7160054,40,3.7
2017,160063708,7160054,14,4.1
2016,162203955,7160061,75,4.3
2015,160051838,7160061,17,3.9
2017,160051860,7160067,37,3.6
2018,161067821,7160073,15,3.6
2017,160051887,7160077,10,3.8
2018,160698715,7160090,151,3.7
2017,160051931,7160092,21,3.8
2018,160052027,7160121,13,3.8
2017,160165370,7160123,10,3.8
2019,160913917,7160126,11,3.9
2018,160051976,7160126,47,4.0
2017,160065524,7160126,12,3.8
2015,160404707,7160130,29,4.0
2009,161763821,7160139,12,4.1
2008,160329207,7160139,13,4.0
2017,160052158,7160161,34,3.9
2017,160104326,7160168,22,3.6
2009,160232322,7160184,11,4.3
2017,161984777,7160185,24,3.6
2016,160766959,7160185,15,3.3
2018,160052411,7160238,13,3.8
2018,160052503,7160268,35,4.0
2017,163512865,7160274,57,4.4
2016,160052525,7160274,80,4.2
2018,160761467,7160307,29,3.7
2017,160052629,7160307,56,3.8
2020,164473334,7160346,22,3.9
2019,163266927,7160346,99,4.2
2018,160062357,7160346,125,4.1
2009,160052867,7160361,23,3.0
2019,161041361,7160697,34,3.8
2018,160064464,7160697,27,4.1
2018,160054893,7160880,23,3.7
2017,160084177,7160880,39,3.7
2019,164498996,7160894,75,3.8
2018,160055147,7160894,140,3.8
2016,160058036,7161599,10,3.8
2017,160449803,7161750,19,3.6
2016,160060342,7162211,23,3.6
2018,162691361,7162313,108,4.1
2017,160073907,7162313,287,4.0
2016,160060783,7162313,92,4.1
2017,160300018,7162324,50,3.9
2017,160833637,7162329,10,3.9
2015,160745419,7162329,15,3.8
2018,160215349,7162371,181,4.2
2016,160863826,7162371,159,4.2
2015,160350616,7162371,428,4.2
2014,160064050,7162371,502,4.2
2013,160089775,7162371,112,4.2
2012,160071535,7162371,41,4.4
2011,160123271,7162371,17,4.3
2010,160065015,7162371,24,4.3
2019,161243629,7162391,18,3.4
2018,160060959,7162391,85,3.7
2017,160061003,7162406,68,3.6
2019,162311946,7162425,69,3.8
2018,162639492,7162425,32,3.6
2016,160061059,7162427,401,3.6
2014,160061082,7162437,15,4.1
2020,165530531,7162438,11,3.2
2018,160065054,7162438,51,3.5
2016,160061087,7162439,28,4.0
2018,160131615,7162460,37,3.4
2017,160061130,7162460,30,3.6
2019,160297230,7162468,22,3.7
2018,160061148,7162468,40,3.6
2017,160066555,7162468,32,3.7
2016,160080602,7162468,38,4.0
2017,160440253,7162480,69,4.0
2016,160156320,7162480,60,3.9
2015,160061180,7162480,159,4.0
2019,166453814,7162484,32,3.6
2018,160946579,7162484,14,3.5
2017,160061197,7162489,34,3.8
2018,163609056,7162515,28,4.1
2017,160167249,7162515,37,3.8
2016,160061260,7162515,11,3.8
2012,160061269,7162519,14,4.1
2017,160169405,7162537,21,3.9
2016,160061305,7162537,34,3.8
2019,162255974,7162544,13,3.6
2018,161323076,7162544,30,3.7
2017,160061316,7162544,13,3.8
